cleaned_location,count,overall-ratings,rank
COSTA RICA,149.0,4.328859060402684,#1
TAIWAN,29.0,4.310344827586207,#2
ISRAEL,103.0,4.281553398058253,#3
BRAZIL,160.0,4.28125,#4
SWEDEN,26.0,4.230769230769231,#5
